INSERT INTO `specialties` (`id`, `name`, `status`, `price`, `created_at`, `updated_at`) VALUES
(1, 'PEDIATRIA - NEONATOL', 1, 0.00, '2018-10-26 03:13:45', '2018-10-26 03:13:45'),
(2, 'NUTRICIONISTA', 1, 0.00, '2018-10-26 03:13:45', '2018-10-26 03:13:45'),
(3, 'ENDOCRINOLOGIA', 1, 0.00, '2018-10-26 03:13:45', '2018-10-26 03:13:45'),
(4, 'MEDICINA GENERAL', 1, 0.00, '2018-10-26 03:13:45', '2018-10-26 03:13:45'),
(5, 'GINECOLOGIA', 1, 0.00, '2018-10-26 03:13:45', '2018-10-26 03:13:45'),
(6, 'CARDIOLOGIA', 1, 0.00, '2018-10-26 03:13:45', '2018-10-26 03:13:45'),
(7, 'OFTALMOLOGIA', 1, 0.00, '2018-10-26 03:13:45', '2018-10-26 03:13:45'),
(8, 'NEUROLOGIA', 1, 0.00, '2018-10-26 03:13:45', '2018-10-26 03:13:45'),
(9, 'ALERGOLOGIA', 1, 0.00, '2018-10-26 03:13:45', '2018-10-26 03:13:45'),
(10, 'OTORRINOLARINGOLOGIA', 1, 0.00, '2018-10-26 03:13:45', '2018-10-26 03:13:45'),
(11, 'TRAUMATOLOGIA', 1, 0.00, '2018-10-26 03:13:45', '2018-10-26 03:13:45'),
(12, 'UROLOGIA', 1, 0.00, '2018-10-26 03:13:45', '2018-10-26 03:13:45'),
(13, 'TERAPIA FISICA', 1, 0.00, '2018-10-26 03:13:45', '2018-10-26 03:13:45'),
(14, 'GASTROENTEROLOGIA', 1, 0.00, '2018-10-26 03:13:45', '2018-10-26 03:13:45'),
(15, 'CIRUGIA PEDIATRICA', 1, 0.00, '2018-10-26 03:13:45', '2018-10-26 03:13:45'),
(16, 'NEUMOLOGIA', 1, 0.00, '2018-10-26 03:13:45', '2018-10-26 03:13:45'),
(17, 'HEMATOLOGIA', 1, 0.00, '2018-10-26 03:13:45', '2018-10-26 03:13:45'),
(18, 'MEDICINA INTERNA', 1, 0.00, '2018-10-26 03:13:45', '2018-10-26 03:13:45'),
(19, 'DERMATOLOGIA', 1, 0.00, '2018-10-26 03:13:45', '2018-10-26 03:13:45');

INSERT INTO `classifications` (`id`, `name`, `oms`, `particular`, `created_at`, `updated_at`) VALUES
(1, 'Enfermedades infecciosas y parasitarias', '1', '1', '2018-10-25 01:13:22', '2018-10-25 01:13:22'),
(2, 'Neoplasmas', '1', '1', '2018-10-25 01:13:22', '2018-10-25 01:13:22'),
(3, 'Enfermedades de la sangre y del sistema inmunológico', '1', '1', '2018-10-25 01:13:22', '2018-10-25 01:13:22'),
(4, 'Enfermedades endocrinas', '1', '1', '2018-10-25 01:13:22', '2018-10-25 01:13:22'),
(5, 'Desórdenes mentales', '1', '1', '2018-10-25 01:13:22', '2018-10-25 01:13:22'),
(6, 'Enfermedades del sistema nervioso central y de los órganos sensoriales', '1', '1', '2018-10-25 01:13:22', '2018-10-25 01:13:22'),
(7, 'Enfermedades de los sentidos', '1', '1', '2018-10-25 01:13:22', '2018-10-25 01:13:22'),
(8, 'Enfermedades del sistema cardiocirculatorio', '1', '1', '2018-10-25 01:13:22', '2018-10-25 01:13:22'),
(9, 'Enfermedades del sistema respiratorio', '1', '1', '2018-10-25 01:13:22', '2018-10-25 01:13:22'),
(10, 'Enfermedades del sistema digestivo', '1', '1', '2018-10-25 01:13:22', '2018-10-25 01:13:22'),
(11, 'Enfermedades de la piel', '1', '1', '2018-10-25 01:13:22', '2018-10-25 01:13:22'),
(12, 'Enfermedades del aparato locomotor', '1', '1', '2018-10-25 01:13:22', '2018-10-25 01:13:22'),
(13, 'Enfermedades del sistema genitourinario', '1', '1', '2018-10-25 01:13:22', '2018-10-25 01:13:22'),
(14, 'Enfermedades del embarazo, parto y puerperio', '1', '1', '2018-10-25 01:13:22', '2018-10-25 01:13:22'),
(15, 'Enfermedades del feto y del recién nacido', '1', '1', '2018-10-25 01:13:22', '2018-10-25 01:13:22'),
(16, 'Enfermedades congénitas, malformaciones y alteraciones cromosómicas', '1', '1', '2018-10-25 01:13:22', '2018-10-25 01:13:22'),
(17, 'Síntomas y observaciones clínicas o de laboratorio anormales no clasificados en otras parte', '1', '1', '2018-10-25 01:13:22', '2018-10-25 01:13:22'),
(18, 'Lesiones, heridas, intoxicaciones y otros factores externos', '1', '1', '2018-10-25 01:13:22', '2018-10-25 01:13:22'),
(19, 'Otras causas de mortalidad y morbilidad', '1', '1', '2018-10-25 01:13:22', '2018-10-25 01:13:22'),
(20, 'Caídas, golpes, y accidentes diversos', '1', '1', '2018-10-25 01:13:22', '2018-10-25 01:13:22'),
(21, 'Efectos secundarios', '1', '1', '2018-10-25 01:13:22', '2018-10-25 01:13:22'),
(22, 'Factores que afectan el estado sanitario', '1', '1', '2018-10-25 01:13:22', '2018-10-25 01:13:22'),
(23, 'Consulta privada', '1', '1', '2018-10-25 01:13:22', '2018-10-25 01:13:22');


INSERT INTO `subclassifications` (`id`, `classification_id`, `name`, `created_at`, `updated_at`) VALUES
(1, 1, 'Infecciones intestinales (A00-A09)', '2018-10-25 01:19:58', '2018-10-25 01:19:58'),
(2, 1, 'Tuberculosis (A15-A19) ', '2018-10-25 01:19:58', '2018-10-25 01:19:58'),
(3, 1, 'Zoonosis bacterianas especificadas (A20-A28) ', '2018-10-25 01:19:58', '2018-10-25 01:19:58'),
(4, 1, 'Otras infecciones bacterianas (A30-A49) ', '2018-10-25 01:19:58', '2018-10-25 01:19:58'),
(5, 1, 'Enfermedades infecciosas de transmisión sexual (A50-A64)', '2018-10-25 01:19:58', '2018-10-25 01:19:58'),
(6, 1, 'Enfermedades infecciosas transmitidas por espiroquetas (A65-', '2018-10-25 01:19:58', '2018-10-25 01:19:58'),
(7, 1, 'Enfermedades infecciosas transmitidas por chlamydia (A70-A74', '2018-10-25 01:19:58', '2018-10-25 01:19:58'),
(8, 1, 'Enfermedades infecciosas transmitidas por rickettsias (A75-A', '2018-10-25 01:19:58', '2018-10-25 01:19:58'),
(9, 1, 'Enfermedades infecciosas del sistema nervioso central produc', '2018-10-25 01:19:58', '2018-10-25 01:19:58'),
(10, 1, 'Enfermedades víricas transmitidas por artrópodos y fiebre he', '2018-10-25 01:19:58', '2018-10-25 01:19:58'),
(11, 1, 'Enfermedades de la piel y de las mucosas producidas por herp', '2018-10-25 01:19:58', '2018-10-25 01:19:58'),
(12, 1, 'Hepatitis víricas (B15-B19) ', '2018-10-25 01:19:58', '2018-10-25 01:19:58'),
(13, 1, 'Enfermedades debidas al HIV (virus humano de la inmunodefici', '2018-10-25 01:19:58', '2018-10-25 01:19:58'),
(14, 1, 'Otras enfermedades víricas (B25-B34) ', '2018-10-25 01:19:58', '2018-10-25 01:19:58'),
(15, 1, 'Micosis (B35-B49) ', '2018-10-25 01:19:58', '2018-10-25 01:19:58'),
(16, 1, 'Enfermedades debidas a protozoos (B50-B64)', '2018-10-25 01:19:58', '2018-10-25 01:19:58'),
(17, 1, 'Helmintiasis (B65-B83)', '2018-10-25 01:19:58', '2018-10-25 01:19:58'),
(18, 1, 'Pediculosis, ascariasis y otras enfermedades parasitarias (B', '2018-10-25 01:19:58', '2018-10-25 01:19:58'),
(19, 1, 'Secuelas de enfermedades infecciosas o parasitarias (B90-B94', '2018-10-25 01:19:58', '2018-10-25 01:19:58'),
(20, 1, 'Enfermedades debidas a virus o bacterias no clasificadas en ', '2018-10-25 01:19:58', '2018-10-25 01:19:58'),
(21, 2, 'Tumores malignos de la cara (C00-C08)', '2018-10-25 01:19:58', '2018-10-25 01:19:58'),
(22, 2, 'Tumores malignos de la garganta y cuello (C09-C15)', '2018-10-25 01:19:58', '2018-10-25 01:19:58'),
(23, 2, 'Tumores malignos abdominales (C16-C26)', '2018-10-25 01:19:58', '2018-10-25 01:19:58'),
(24, 2, 'Tumores malignos del sistema respiratorio y órganos anexos (', '2018-10-25 01:19:58', '2018-10-25 01:19:58'),
(25, 2, 'Tumores malignos de los huesos y cartílagos (C40-C41)', '2018-10-25 01:19:58', '2018-10-25 01:19:58'),
(26, 2, 'Tumores malignos de la piel y de los tejidos blandos (C43-C4', '2018-10-25 01:19:58', '2018-10-25 01:19:58'),
(27, 2, 'Tumores malignos de los órganos sexuales femeninos (C50-C58)', '2018-10-25 01:19:58', '2018-10-25 01:19:58'),
(28, 2, 'Tumores malignos de los órganos sexuales masculinos (C60-C63', '2018-10-25 01:19:58', '2018-10-25 01:19:58'),
(29, 2, 'Tumores malignos del sistema urinario (C64-C68)', '2018-10-25 01:19:58', '2018-10-25 01:19:58'),
(30, 2, 'Tumores malignos del ojo y del sistema nervioso (C69-C72)', '2018-10-25 01:19:58', '2018-10-25 01:19:58'),
(31, 2, 'Tumores malignos de las glándulas endocrinas y de otros siti', '2018-10-25 01:19:58', '2018-10-25 01:19:58'),
(32, 2, 'Tumores malignos de la sangre (C81-C96)', '2018-10-25 01:19:58', '2018-10-25 01:19:58'),
(33, 2, 'Tumores localizados (D00-D09)', '2018-10-25 01:19:58', '2018-10-25 01:19:58'),
(34, 2, 'Tumores no malignos (D10-D36)', '2018-10-25 01:19:58', '2018-10-25 01:19:58'),
(35, 2, 'Tumores de comportamiento incierto (D37-D48)', '2018-10-25 01:19:58', '2018-10-25 01:19:58'),
(36, 3, 'Anemias nutricionales (D50-D53)', '2018-10-25 01:19:58', '2018-10-25 01:19:58'),
(37, 3, 'Anemia hemolítica (D55-D64)', '2018-10-25 01:19:58', '2018-10-25 01:19:58'),
(38, 3, 'Coagulopatias y otras enfermedades de la sangre y órganos re', '2018-10-25 01:19:58', '2018-10-25 01:19:58'),
(39, 3, 'Enfermedades inmunológicas (D80-D89)', '2018-10-25 01:19:58', '2018-10-25 01:19:58'),
(40, 4, 'Enfermedades del tiroides (E00-E07)', '2018-10-25 01:19:58', '2018-10-25 01:19:58'),
(41, 4, 'Diabetes mellitus (E10-E16)', '2018-10-25 01:19:58', '2018-10-25 01:19:58'),
(42, 4, 'Enfermedades de otras glándulas endocrinas (E20-E35)', '2018-10-25 01:19:58', '2018-10-25 01:19:58'),
(43, 4, 'Enfermedades por deficiencia nutricional ( E40-E46)', '2018-10-25 01:19:58', '2018-10-25 01:19:58'),
(44, 4, 'Enfermedades por deficiencias vitamínicas y minerales (E50-E', '2018-10-25 01:19:58', '2018-10-25 01:19:58'),
(45, 4, 'Obesidad (E65-E68)', '2018-10-25 01:19:58', '2018-10-25 01:19:58'),
(46, 4, 'Trastornos del metabolismo de los aminoácidos, carbohidratos', '2018-10-25 01:19:58', '2018-10-25 01:19:58'),
(47, 5, 'Desordenes psíquicos y del comportamiento (F00-F09)', '2018-10-25 01:19:58', '2018-10-25 01:19:58'),
(48, 5, 'Trastornos mentales debidos al alcohol y sustancias psicotro', '2018-10-25 01:19:58', '2018-10-25 01:19:58'),
(49, 5, 'Esquizofrenia y trastornos esquizoides (F20-F29)', '2018-10-25 01:19:58', '2018-10-25 01:19:58'),
(50, 5, 'Trastornos afectivos (F30-F39)', '2018-10-25 01:19:58', '2018-10-25 01:19:58'),
(51, 5, 'Trastornos fóbicos y neuróticos (F40-F48)', '2018-10-25 01:19:58', '2018-10-25 01:19:58'),
(52, 5, 'Trastornos del comportamiento con factores físicos u orgánic', '2018-10-25 01:19:58', '2018-10-25 01:19:58'),
(53, 5, 'Trastornos de la personalidad (F60-F69)', '2018-10-25 01:19:58', '2018-10-25 01:19:58'),
(54, 5, 'Desordenes que afectan a la inteligencia (F70-F79)', '2018-10-25 01:19:58', '2018-10-25 01:19:58'),
(55, 5, 'Trastornos del desarrollo (F80-F89)', '2018-10-25 01:19:58', '2018-10-25 01:19:58'),
(56, 5, 'Trastornos emocionales y del comportamiento en la niñez y la', '2018-10-25 01:19:58', '2018-10-25 01:19:58'),
(57, 6, 'Enfermedades agudas del sistema nervioso central (G00-G09)', '2018-10-25 01:19:58', '2018-10-25 01:19:58'),
(58, 6, 'Enfermedades atróficas (G10-G13)', '2018-10-25 01:19:58', '2018-10-25 01:19:58'),
(59, 6, 'Síndromes extrapiramidales (G20-G26)', '2018-10-25 01:19:58', '2018-10-25 01:19:58'),
(60, 6, 'Enfermedades degenerativas (G30-G32)', '2018-10-25 01:19:58', '2018-10-25 01:19:58'),
(61, 6, 'Enfermedades desmielinizantes (G35-G37)', '2018-10-25 01:19:58', '2018-10-25 01:19:58'),
(62, 6, 'Enfermedades episódicas y paroxisticas del sistema nervioso ', '2018-10-25 01:19:58', '2018-10-25 01:19:58'),
(63, 6, 'Trastornos localizados de los nervios (G50-G59)', '2018-10-25 01:19:58', '2018-10-25 01:19:58'),
(64, 6, 'Neuropatias y polineuropatias (G60-G64)', '2018-10-25 01:19:58', '2018-10-25 01:19:58'),
(65, 6, 'Trastornos neuromusculares (G70-G73)', '2018-10-25 01:19:58', '2018-10-25 01:19:58'),
(66, 6, 'Parálisis cerebral (G80-G83)', '2018-10-25 01:19:58', '2018-10-25 01:19:58'),
(67, 6, 'Otros trastornos del sistema nervioso central (G90-G99)', '2018-10-25 01:19:58', '2018-10-25 01:19:58'),
(68, 7, 'Afecciones de los parpados, aparato lagrimal y orbita (H00-H', '2018-10-25 01:19:58', '2018-10-25 01:19:58'),
(69, 7, 'Afecciones de la conjuntiva (H10-H13)', '2018-10-25 01:19:58', '2018-10-25 01:19:58'),
(70, 7, 'Afecciones de la esclerótida, cornea, iris y cuerpos ciliare', '2018-10-25 01:19:58', '2018-10-25 01:19:58'),
(71, 7, 'Afecciones del cristalino (H25-H28) ', '2018-10-25 01:19:58', '2018-10-25 01:19:58'),
(72, 7, 'Afecciones del interior del ojo y de la retina (H30-H36)', '2018-10-25 01:19:58', '2018-10-25 01:19:58'),
(73, 7, 'Glaucoma (H40-H42)', '2018-10-25 01:19:58', '2018-10-25 01:19:58'),
(74, 7, 'Afecciones del cuerpo vítreo y del globo ocular (H43-H45)', '2018-10-25 01:19:58', '2018-10-25 01:19:58'),
(75, 7, 'Afecciones de los nervios y vías ópticas (H46-H48)', '2018-10-25 01:19:58', '2018-10-25 01:19:58'),
(76, 7, 'Afecciones de los músculos oculares por defectos de acomodac', '2018-10-25 01:19:58', '2018-10-25 01:19:58'),
(77, 7, 'Alteraciones de la visión y ceguera (H53-H54)', '2018-10-25 01:19:58', '2018-10-25 01:19:58'),
(78, 7, 'Otros trastornos de la vista y órganos anexos (H55-H59)', '2018-10-25 01:19:58', '2018-10-25 01:19:58'),
(79, 7, 'Enfermedades del oído externo (H60-H62)', '2018-10-25 01:19:58', '2018-10-25 01:19:58'),
(80, 7, 'Enfermedades del oído medio (H65-H75)', '2018-10-25 01:19:58', '2018-10-25 01:19:58'),
(81, 7, 'Enfermedades del oído interno (H80-H83)', '2018-10-25 01:19:58', '2018-10-25 01:19:58'),
(82, 7, 'Otras enfermedades del oído (H90-H95)', '2018-10-25 01:19:58', '2018-10-25 01:19:58'),
(83, 8, 'Fiebre reumática aguda (I00-I02)', '2018-10-25 01:19:58', '2018-10-25 01:19:58'),
(84, 8, 'Enfermedad reumatica cardiaca crónica (I05-I09) ', '2018-10-25 01:19:58', '2018-10-25 01:19:58'),
(85, 8, 'Enfermedad hipertensiva (i10-i15)', '2018-10-25 01:19:58', '2018-10-25 01:19:58'),
(86, 8, 'Enfermedad cardiaca isquémica (I20-I25)', '2018-10-25 01:19:58', '2018-10-25 01:19:58'),
(87, 8, 'Enfermedades de la circulación pulmonar (I26-I28)', '2018-10-25 01:19:58', '2018-10-25 01:19:58'),
(88, 8, 'Otras enfermedades cardíacas (I30-I52)', '2018-10-25 01:19:58', '2018-10-25 01:19:58'),
(89, 8, 'Enfermedades de la circulación cerebral (I60-I69)', '2018-10-25 01:19:58', '2018-10-25 01:19:58'),
(90, 8, 'Enfermedades de las arterias, arteriolas y capilares (I70-I7', '2018-10-25 01:19:58', '2018-10-25 01:19:58'),
(91, 8, 'Enfermedades de las venas y de los vasos linfáticos (I80-I89', '2018-10-25 01:19:58', '2018-10-25 01:19:58'),
(92, 8, 'Otras enfermedades del sistema circulatorio (I95-I99)', '2018-10-25 01:19:58', '2018-10-25 01:19:58'),
(93, 9, 'Enfermedades infecciosas de las vías respiratorias altas (J0', '2018-10-25 01:19:58', '2018-10-25 01:19:58'),
(94, 9, 'Gripe y neumonía (J10-J18)', '2018-10-25 01:19:58', '2018-10-25 01:19:58'),
(95, 9, 'Otras enfermedades infecciosas de las vías respiratorias baj', '2018-10-25 01:19:58', '2018-10-25 01:19:58'),
(96, 9, 'Otras enfermedades de las vías respiratorias altas (J30-J39)', '2018-10-25 01:19:58', '2018-10-25 01:19:58'),
(97, 9, 'Enfermedades crónicas de las vías respiratorias (J40-J47)', '2018-10-25 01:19:58', '2018-10-25 01:19:58'),
(98, 9, 'Enfermedades pulmonares debidas a sustancias extrañas (J60-J', '2018-10-25 01:19:58', '2018-10-25 01:19:58'),
(99, 9, 'Otras enfermedades pulmonares intersticiales (J80-J84)', '2018-10-25 01:19:58', '2018-10-25 01:19:58'),
(100, 9, 'Enfermedades purulentas y necróticas de las vías respiratori', '2018-10-25 01:19:58', '2018-10-25 01:19:58'),
(101, 9, 'Otras enfermedades de la pleura (J90-J99)', '2018-10-25 01:19:58', '2018-10-25 01:19:58'),
(102, 10, 'Enfermedades de la boca y dientes (K00-K14)', '2018-10-25 01:19:58', '2018-10-25 01:19:58'),
(103, 10, 'Enfermedades del esófago, estómago y duodeno (K20-K31)', '2018-10-25 01:19:58', '2018-10-25 01:19:58'),
(104, 10, 'Enfermedades del apéndice (K35-K38)', '2018-10-25 01:19:58', '2018-10-25 01:19:58'),
(105, 10, 'Hernias (K40-K46)', '2018-10-25 01:19:58', '2018-10-25 01:19:58'),
(106, 10, 'Enteritis y colitis no infecciosas (K50-K52)', '2018-10-25 01:19:58', '2018-10-25 01:19:58'),
(107, 10, 'Otras enfermedades intestinales (K55-K63)', '2018-10-25 01:19:58', '2018-10-25 01:19:58'),
(108, 10, 'Enfermedades del peritoneo (K65-K67)', '2018-10-25 01:19:58', '2018-10-25 01:19:58'),
(109, 10, 'Enfermedades hepáticas (K70-K77)', '2018-10-25 01:19:58', '2018-10-25 01:19:58'),
(110, 10, 'Enfermedades la vesícula biliar, vías biliares y páncreas (K', '2018-10-25 01:19:58', '2018-10-25 01:19:58'),
(111, 10, 'Otras enfermedades del aparato digestivo (K90-K93)', '2018-10-25 01:19:58', '2018-10-25 01:19:58'),
(112, 11, 'Infecciones de la piel y subcutáneas (L00-L08)', '2018-10-25 01:19:58', '2018-10-25 01:19:58'),
(113, 11, 'Dermatitis ampollosas (L10-L14)', '2018-10-25 01:19:58', '2018-10-25 01:19:58'),
(114, 11, 'Dermatitis y eccema (L20-L30)', '2018-10-25 01:19:58', '2018-10-25 01:19:58'),
(115, 11, 'Enfermedades papuloescamosas de la piel (L40-L45)', '2018-10-25 01:19:58', '2018-10-25 01:19:58'),
(116, 11, 'Urticaria y eritema (L50-L54)', '2018-10-25 01:19:58', '2018-10-25 01:19:58'),
(117, 11, 'Enfermedades de la piel y subcutáneas debidas a agentes exte', '2018-10-25 01:19:58', '2018-10-25 01:19:58'),
(118, 11, 'Enfermedades de los órganos anexos de la piel (L60-L75)', '2018-10-25 01:19:58', '2018-10-25 01:19:58'),
(119, 11, 'Otras enfermedades de la piel (L80-L99)', '2018-10-25 01:19:58', '2018-10-25 01:19:58'),
(120, 12, 'Artropatías (M00-M25)', '2018-10-25 01:19:58', '2018-10-25 01:19:58'),
(121, 12, 'Enfermedades sistémicas de las articulaciones (M30-M36)', '2018-10-25 01:19:58', '2018-10-25 01:19:58'),
(122, 12, 'Enfermedades de la columna vertebral y de la espalda (M40-M5', '2018-10-25 01:19:58', '2018-10-25 01:19:58'),
(123, 12, 'Enfermedades de los tejidos blandos (M60-M79)', '2018-10-25 01:19:58', '2018-10-25 01:19:58'),
(124, 12, 'Osteopatías y condropatías (M80-M94)', '2018-10-25 01:19:58', '2018-10-25 01:19:58'),
(125, 12, 'Otras enfermedades del sistema musculoesquelético (M95-M99)', '2018-10-25 01:19:58', '2018-10-25 01:19:58'),
(126, 13, 'Enfermedades glomerulares (N00-N08)', '2018-10-25 01:19:58', '2018-10-25 01:19:58'),
(127, 13, 'Enfermedades renales tubulo-intersticiales (N10-N16)', '2018-10-25 01:19:58', '2018-10-25 01:19:58'),
(128, 13, 'Insuficiencia renal (N17-N19)', '2018-10-25 01:19:58', '2018-10-25 01:19:58'),
(129, 13, 'Urolitiasis (N20-N23)', '2018-10-25 01:19:58', '2018-10-25 01:19:58'),
(130, 13, 'Otras enfermedades del riñón y de los uréteres (N25-N29)', '2018-10-25 01:19:58', '2018-10-25 01:19:58'),
(131, 13, 'Otras enfermedades del sistema urinario (N30-N39)', '2018-10-25 01:19:58', '2018-10-25 01:19:58'),
(132, 13, 'Enfermedades de los órganos genitales masculinos (N40-N51)', '2018-10-25 01:19:58', '2018-10-25 01:19:58'),
(133, 13, 'Enfermedades de la mama (N60-N64)', '2018-10-25 01:19:58', '2018-10-25 01:19:58'),
(134, 13, 'Enfermedades agudas de los órganos reproductores femeninos (', '2018-10-25 01:19:58', '2018-10-25 01:19:58'),
(135, 13, 'Enfermedades no agudas de los órganos reproductores femenino', '2018-10-25 01:19:58', '2018-10-25 01:19:58'),
(136, 14, 'Embarazo que termina en aborto (O00-O08)', '2018-10-25 01:19:58', '2018-10-25 01:19:58'),
(137, 14, 'Edema, proteinuria e hipertensión en el embarazo, el parto y', '2018-10-25 01:19:58', '2018-10-25 01:19:58'),
(138, 14, 'Otras enfermedades de la madre que pueden afectar al feto (O', '2018-10-25 01:19:58', '2018-10-25 01:19:58'),
(139, 14, 'Complicaciones del embarazo que requieren una atención a la ', '2018-10-25 01:19:58', '2018-10-25 01:19:58'),
(140, 14, 'Complicaciones del embarazo y del parto (O60-O75)', '2018-10-25 01:19:58', '2018-10-25 01:19:58'),
(141, 14, 'Parto (O80-O84)', '2018-10-25 01:19:58', '2018-10-25 01:19:58'),
(142, 14, 'Enfermedades postparto (O85-O92)', '2018-10-25 01:19:58', '2018-10-25 01:19:58'),
(143, 14, 'Otras enfermedades (O95-O99)', '2018-10-25 01:19:58', '2018-10-25 01:19:58'),
(144, 15, 'Afecciones de origen perinatal (P00-P04)', '2018-10-25 01:19:58', '2018-10-25 01:19:58'),
(145, 15, 'Desordenes relacionados con el embarazo (P05-P08)', '2018-10-25 01:19:58', '2018-10-25 01:19:58'),
(146, 15, 'Traumatismo durante el parto (P10-P15)', '2018-10-25 01:19:58', '2018-10-25 01:19:58'),
(147, 15, 'Enfermedades respiratorias y cardíacas durante el período pe', '2018-10-25 01:19:58', '2018-10-25 01:19:58'),
(148, 15, 'Enfermedades infecciosas el período perinatal (P35-P39)', '2018-10-25 01:19:58', '2018-10-25 01:19:58'),
(149, 15, 'Enfermedades hematológicas y hemorrágicas durante el período', '2018-10-25 01:19:58', '2018-10-25 01:19:58'),
(150, 15, 'Enfermedades endocrinas transitorias del feto y recién nacid', '2018-10-25 01:19:58', '2018-10-25 01:19:58'),
(151, 15, 'Enfermedades del sistema digestivo del feto y recién nacido ', '2018-10-25 01:19:58', '2018-10-25 01:19:58'),
(152, 15, 'Enfermedades de la piel y de la regulación de la temperatura', '2018-10-25 01:19:58', '2018-10-25 01:19:58'),
(153, 15, 'Otras enfermedades del feto y recién nacido (P90-P96)', '2018-10-25 01:19:58', '2018-10-25 01:19:58'),
(154, 16, 'Enfermedades congénitas del sistema nervioso (Q00-Q07)', '2018-10-25 01:19:58', '2018-10-25 01:19:58'),
(155, 16, 'Enfermedades congénitas de los ojos, cara y cuello (Q10-Q18)', '2018-10-25 01:19:58', '2018-10-25 01:19:58'),
(156, 16, 'Enfermedades congénitas del sistema circulatorio (Q20-Q28)', '2018-10-25 01:19:58', '2018-10-25 01:19:58'),
(157, 16, 'Enfermedades congénitas del aparato respiratorio (Q30-Q34)', '2018-10-25 01:19:58', '2018-10-25 01:19:58'),
(158, 16, 'Malformaciones de labios, boca y paladar (Q35-Q38)', '2018-10-25 01:19:58', '2018-10-25 01:19:58'),
(159, 16, 'Otras malformaciones del tracto digestivo (Q39-Q45)', '2018-10-25 01:19:58', '2018-10-25 01:19:58'),
(160, 16, 'Malformaciones de los órganos genitales (Q50-Q56)', '2018-10-25 01:19:58', '2018-10-25 01:19:58'),
(161, 16, 'Malformaciones de los órganos urinarios (Q60-Q64)', '2018-10-25 01:19:58', '2018-10-25 01:19:58'),
(162, 16, 'Malformaciones del sistema musculoesquelético (Q65-Q79)', '2018-10-25 01:19:58', '2018-10-25 01:19:58'),
(163, 16, 'Otras dismorfias congénitas (Q80-Q89)', '2018-10-25 01:19:58', '2018-10-25 01:19:58'),
(164, 16, 'Anormalidades cromosómicas no clasificadas en otra parte (Q9', '2018-10-25 01:19:58', '2018-10-25 01:19:58'),
(165, 17, 'Síntomas que revelan una enfermedad circulatoria o respirato', '2018-10-25 01:19:58', '2018-10-25 01:19:58'),
(166, 17, 'Síntomas de enfermedades digestivas y desordenes abdominales', '2018-10-25 01:19:58', '2018-10-25 01:19:58'),
(167, 17, 'Síntomas de enfermedades de la piel y tejido subcutáneo (R20', '2018-10-25 01:19:58', '2018-10-25 01:19:58'),
(168, 17, 'Síntomas de enfermedades nerviosas y relacionadas con el sis', '2018-10-25 01:19:58', '2018-10-25 01:19:58'),
(169, 17, 'Síntomas de enfermedades urinarias (R30-R39)', '2018-10-25 01:19:58', '2018-10-25 01:19:58'),
(170, 17, 'Síntomas de enfermedades que afectan al comportamiento y con', '2018-10-25 01:19:58', '2018-10-25 01:19:58'),
(171, 17, 'Síntomas de enfermedades que afectan la voz y el habla (R47-', '2018-10-25 01:19:58', '2018-10-25 01:19:58'),
(172, 17, 'Síntomas generales (R50-R69)', '2018-10-25 01:19:58', '2018-10-25 01:19:58'),
(173, 17, 'Valores anormales de los parámetros sanguíneos (R70-R79)', '2018-10-25 01:19:58', '2018-10-25 01:19:58'),
(174, 17, 'Valores anormales de los parámetros urinarios (R80-R82)', '2018-10-25 01:19:58', '2018-10-25 01:19:58'),
(175, 17, 'Valores anormales de otras pruebas clínicas (R83-R89)', '2018-10-25 01:19:58', '2018-10-25 01:19:58'),
(176, 17, 'Hallazgos anormales en el diagnostico por imagen (R90-R94)', '2018-10-25 01:19:58', '2018-10-25 01:19:58'),
(177, 17, 'Causas de muerte (R95-R99)', '2018-10-25 01:19:58', '2018-10-25 01:19:58'),
(178, 18, 'Traumatismos de la cabeza (S00-S09)', '2018-10-25 01:19:58', '2018-10-25 01:19:58'),
(179, 18, 'Traumatismos de cuello (S10-S19)', '2018-10-25 01:19:58', '2018-10-25 01:19:58'),
(180, 18, 'Traumatismos de tórax (S20-S29)', '2018-10-25 01:19:58', '2018-10-25 01:19:58'),
(181, 18, 'Traumatismos del abdomen, área lumbosacra y pelvis (S30-S39)', '2018-10-25 01:19:58', '2018-10-25 01:19:58'),
(182, 18, 'Traumatismos de los hombros y brazos (S40-S49)', '2018-10-25 01:19:58', '2018-10-25 01:19:58'),
(183, 18, 'Traumatismos del codo y del antebrazo (S50-S59)', '2018-10-25 01:19:58', '2018-10-25 01:19:58'),
(184, 18, 'Traumatismos en muñecas y manos (S60-S69)', '2018-10-25 01:19:58', '2018-10-25 01:19:58'),
(185, 18, 'Traumatismos en caderas y muslos (S70-S79)', '2018-10-25 01:19:58', '2018-10-25 01:19:58'),
(186, 18, 'Traumatismos en rodillas y piernas (S80-S89)', '2018-10-25 01:19:58', '2018-10-25 01:19:58'),
(187, 18, 'Traumatismos en tobillos y pies (S90-S99)', '2018-10-25 01:19:58', '2018-10-25 01:19:58'),
(188, 18, 'Lesiones múltiples (T00-T07)', '2018-10-25 01:19:58', '2018-10-25 01:19:58'),
(189, 18, 'Lesiones no clasificadas en cabeza, cuello y otras partes (T', '2018-10-25 01:19:58', '2018-10-25 01:19:58'),
(190, 18, 'Cuerpos extraños en alguna parte del cuerpo (T15-T19)', '2018-10-25 01:19:58', '2018-10-25 01:19:58'),
(191, 18, 'Quemaduras y corrosiones (T20-T32)', '2018-10-25 01:19:58', '2018-10-25 01:19:58'),
(192, 18, 'Congelaciones (T33-T35)', '2018-10-25 01:19:58', '2018-10-25 01:19:58'),
(193, 18, 'Intoxicaciones por fármacos (T36-T50)', '2018-10-25 01:19:58', '2018-10-25 01:19:58'),
(194, 18, 'Intoxicaciones pos sustancias no medicinales (T51-T65)', '2018-10-25 01:19:58', '2018-10-25 01:19:58'),
(195, 18, 'Lesiones por otras causas externas (T66-T78)', '2018-10-25 01:19:58', '2018-10-25 01:19:58'),
(196, 18, 'Complicaciones traumáticas (T79)', '2018-10-25 01:19:58', '2018-10-25 01:19:58'),
(197, 18, 'Complicaciones quirúrgicas (T80-T88)', '2018-10-25 01:19:58', '2018-10-25 01:19:58'),
(198, 18, 'Complicaciones post-traumáticas no clasificadas en otra part', '2018-10-25 01:19:58', '2018-10-25 01:19:58'),
(199, 19, 'Accidentes de transporte (V01-V39)', '2018-10-25 01:19:58', '2018-10-25 01:19:58'),
(200, 19, 'Accidentes de transporte en vehículos de 4 ruedas (V40-V89)', '2018-10-25 01:19:58', '2018-10-25 01:19:58'),
(201, 19, 'Accidentes de transporte en otros vehículos (V90-V99)', '2018-10-25 01:19:58', '2018-10-25 01:19:58'),
(202, 20, 'Caídas (W00-W19)', '2018-10-25 01:19:58', '2018-10-25 01:19:58'),
(203, 20, 'Golpes, aplastamientos y contactos traumáticos (W20-W31)', '2018-10-25 01:19:58', '2018-10-25 01:19:58'),
(204, 20, 'Disparos y explosiones (W32-W40)', '2018-10-25 01:19:58', '2018-10-25 01:19:58'),
(205, 20, 'Exposiciones a sustancias o ambientes lesivos (W41-W49)', '2018-10-25 01:19:58', '2018-10-25 01:19:58'),
(206, 20, 'Choques y mordeduras (W50-W64)', '2018-10-25 01:19:58', '2018-10-25 01:19:58'),
(207, 20, 'Ahogamientos (W65-W77)', '2018-10-25 01:19:58', '2018-10-25 01:19:58'),
(208, 20, 'Inhalaciones y obstrucciones respiratorias (W78-W84)', '2018-10-25 01:19:58', '2018-10-25 01:19:58'),
(209, 20, 'Exposición a electricidad, radiación y calor (W85-W99)', '2018-10-25 01:19:58', '2018-10-25 01:19:58'),
(210, 20, 'Exposición a fuego, humos o llamas (X00-X09)', '2018-10-25 01:19:58', '2018-10-25 01:19:58'),
(211, 20, 'Exposición a líquidos, gases u objetos calientes (X10-X19)', '2018-10-25 01:19:58', '2018-10-25 01:19:58'),
(212, 20, 'Contacto traumático con animales venenosos (X20-X29)', '2018-10-25 01:19:58', '2018-10-25 01:19:58'),
(213, 20, 'Exposición a fenómenos naturales y cataclismos (X30-X39)', '2018-10-25 01:19:58', '2018-10-25 01:19:58'),
(214, 20, 'Envenenamientos accidentales (X40-X49)', '2018-10-25 01:19:58', '2018-10-25 01:19:58'),
(215, 20, 'Esfuerzos, privaciones y otras exposiciones (X50-X59)', '2018-10-25 01:19:58', '2018-10-25 01:19:58'),
(216, 20, 'Intoxicaciones voluntarias (X60-X84)', '2018-10-25 01:19:58', '2018-10-25 01:19:58'),
(217, 20, 'Agresiones varias (X85-Y09)', '2018-10-25 01:19:58', '2018-10-25 01:19:58'),
(218, 20, 'Otros incidentes no clasificados (Y10-Y36)', '2018-10-25 01:19:58', '2018-10-25 01:19:58'),
(219, 21, 'Efectos secundarios de los medicamentos (Y40-Y59)', '2018-10-25 01:19:58', '2018-10-25 01:19:58'),
(220, 21, 'Incidentes adversos durante tratamientos (Y60-Y84)', '2018-10-25 01:19:58', '2018-10-25 01:19:58'),
(221, 21, 'Otros incidentes causantes de mortalidad y morbilidad (Y85-Y', '2018-10-25 01:19:58', '2018-10-25 01:19:58'),
(222, 21, 'Alcoholismo y otros factores no clasificados en otra parte c', '2018-10-25 01:19:58', '2018-10-25 01:19:58'),
(223, 22, 'Pruebas para aclarar o investigar problemas de salud (Z00-Z1', '2018-10-25 01:19:58', '2018-10-25 01:19:58'),
(224, 22, 'Contactos y exposición a enfermedades contagiosas (Z20-Z29)', '2018-10-25 01:19:58', '2018-10-25 01:19:58'),
(225, 22, 'Intervenciones relativas la reproducción (Z30-Z39)', '2018-10-25 01:19:58', '2018-10-25 01:19:58'),
(226, 22, 'Personas candidatas a cirugía (Z40-Z54)', '2018-10-25 01:19:58', '2018-10-25 01:19:58'),
(227, 22, 'Personas con problemas potenciales psíquicos o psicosociales', '2018-10-25 01:19:58', '2018-10-25 01:19:58'),
(228, 22, 'Consultas (Z70-Z76)', '2018-10-25 01:19:58', '2018-10-25 01:19:58'),
(229, 22, 'Historias (Z80-Z99)', '2018-10-25 01:19:58', '2018-10-25 01:19:58'),
(230, 23, 'Diagnósticos de consulta privada', '2018-10-25 01:19:58', '2018-10-26 06:21:35');
